{"cameraMode":{"drawMode":0,"name":"Shaded","section":"Shading Mode"},"sceneLighting":true,"audioPlay":false,"sceneViewState":{"showFog":true,"showMaterialUpdate":false,"showSkybox":true,"showFlares":true,"showImageEffects":true,"showParticleSystems":true},"in2DMode":false,"pivot":{"x":0.6845703125,"y":3.114501953125,"z":3.43359375},"rotation":{"x":-0.04034961387515068,"y":0.08295688778162003,"z":-0.0033655394800007345,"w":-0.9957367777824402},"size":25.47403335571289,"orthographic":true}